id,label
4a73abcd02.jpg,label_2
266bdb8d70.jpg,label_2
1389b9fb66.jpg,label_2
7e1c35f2e6.jpg,label_2
8271bebf8f.jpg,label_2
ffd7ae3605.jpg,label_2
429bb7eaa1.jpg,label_2
37f3f2e49f.jpg,label_2
22a87835c1.jpg,label_2
e4190f0ca6.jpg,label_2
8e789273a4.jpg,label_2
efb1c6ea4a.jpg,label_2
c4a2e75cc7.jpg,label_2
5e6693247f.jpg,label_2
01d6a61ef4.jpg,label_2
e4e7baba5f.jpg,label_2
ca4fa5b532.jpg,label_2
acf8e7de46.jpg,label_2
4842dfafd0.jpg,label_2
e554ae7e23.jpg,label_2
f1ca55835d.jpg,label_2
88d3e3f227.jpg,label_2
5549556d9f.jpg,label_2
0833be035d.jpg,label_2
deaa2110ff.jpg,label_2
6abc55b658.jpg,label_2
46730a2f04.jpg,label_2
714ee00131.jpg,label_2
ae5930d570.jpg,label_2
8c28b7a86b.jpg,label_2
1d0a407cf9.jpg,label_2
27304072db.jpg,label_2
74c1ed29c3.jpg,label_2
66280a3461.jpg,label_2
be54978ee3.jpg,label_2
576578e287.jpg,label_2
b4b0b29169.jpg,label_2
a38b1ac7ae.jpg,label_2
523c440938.jpg,label_2
b3cf5b254a.jpg,label_2
24cf08972a.jpg,label_2
cb51799cbd.jpg,label_2
3965e315f2.jpg,label_2
edc041f550.jpg,label_2
6d59103c20.jpg,label_2
3924cfa169.jpg,label_2
f3973840d0.jpg,label_2
7ce3de4ac7.jpg,label_2
9e54a38e62.jpg,label_2
56722beac3.jpg,label_2
eb7e3d6776.jpg,label_2
63a5f91e4f.jpg,label_2
3ecc87e3ba.jpg,label_2
1ae4236466.jpg,label_2
4014dd69ac.jpg,label_2
1ba690f42c.jpg,label_2
3a7b83a70b.jpg,label_2
90ac587a48.jpg,label_2
d7ee5d1f96.jpg,label_2
9cf15e3c00.jpg,label_2
53973cf622.jpg,label_2
0216a78271.jpg,label_2
f1ae81c507.jpg,label_2
a3f9015777.jpg,label_2
e501846f70.jpg,label_2
433494d8f9.jpg,label_2
d26cac5b31.jpg,label_2
69769207d2.jpg,label_2
55702735d1.jpg,label_2
b03f97a7f1.jpg,label_2
be093caf08.jpg,label_2
e7e8f2fd60.jpg,label_2
ef67db37e8.jpg,label_2
7ceb4d976f.jpg,label_2
92a1ea8997.jpg,label_2
3f5437b368.jpg,label_2
0d1e29ac61.jpg,label_2
2218746136.jpg,label_2
b34e40d9d6.jpg,label_2
a185c590fe.jpg,label_2
6564c8229d.jpg,label_2
32189139a2.jpg,label_2
e7b94b6345.jpg,label_2
60f2ee3cd6.jpg,label_2
83d19e2772.jpg,label_2
3a2064722a.jpg,label_2
e8afed0ae8.jpg,label_2
83f2e34858.jpg,label_2
f950cd79b0.jpg,label_2
163b1114cb.jpg,label_2
cb53b43fe1.jpg,label_2
54334248b4.jpg,label_2
ffd3a11821.jpg,label_2
0af79aef5a.jpg,label_2
d72ea5f9b6.jpg,label_2
6b4f41fd22.jpg,label_2
ee3e27eeb5.jpg,label_2
747736304f.jpg,label_2
46fceb42c2.jpg,label_2
c3122912da.jpg,label_2
62c43c4b1b.jpg,label_2
3ad2034dee.jpg,label_2
6ae32c20bf.jpg,label_2
2569d1e6ee.jpg,label_2
100583df81.jpg,label_2
4999c337bf.jpg,label_2
23683e952a.jpg,label_2
c52f2fe726.jpg,label_2
dd414fbe9b.jpg,label_2
d6b6176dae.jpg,label_2
6f1077d4cd.jpg,label_2
5461ada0f9.jpg,label_2
1b8da3269e.jpg,label_2
3dc489aec0.jpg,label_2
c7f115e30f.jpg,label_2
9871c56736.jpg,label_2
fc77c23f11.jpg,label_2
9f2e3262f7.jpg,label_2
e1e286fdd0.jpg,label_2
de4044074c.jpg,label_2
e73401051e.jpg,label_2
04c307864e.jpg,label_2
6f82b572a9.jpg,label_2
adb918593f.jpg,label_2
df0ee5297a.jpg,label_2
6bda950799.jpg,label_2
e238eb8f2f.jpg,label_2
2297123d87.jpg,label_2
ccdc6d3730.jpg,label_2
ac7e79c3d1.jpg,label_2
b0a521b7d3.jpg,label_2
8be38620db.jpg,label_2
e563152bf3.jpg,label_2
c257372a2c.jpg,label_2
79b4bad291.jpg,label_2
05087537e5.jpg,label_2
82b7e24a82.jpg,label_2
38f9a0b13d.jpg,label_2
668f80d09a.jpg,label_2
3bca899e95.jpg,label_2
a2ad7548a1.jpg,label_2
37765bff01.jpg,label_2
23aee044d6.jpg,label_2
301b27d425.jpg,label_2
b5f42d6d1c.jpg,label_2
e7dd0d9f80.jpg,label_2
1faacd7102.jpg,label_2
809df45153.jpg,label_2
9b1904c6e4.jpg,label_2
82ce270cb4.jpg,label_2
122bdfa1cb.jpg,label_2
3e2a6b7798.jpg,label_2
851d0f929f.jpg,label_2
71e4962cc9.jpg,label_2
47a41f5d83.jpg,label_2
28cd626bf2.jpg,label_2
ec0a1ccd7d.jpg,label_2
1c6bd5ae34.jpg,label_2
09bba403f1.jpg,label_2
a3481e525e.jpg,label_2
6b1004c5d2.jpg,label_2
09075e4eb4.jpg,label_2
2a095d30e1.jpg,label_2
9706b4b877.jpg,label_2
ee4a7078a1.jpg,label_2
852d79ceeb.jpg,label_2
0f9908bb76.jpg,label_2
2a8d63204e.jpg,label_2
90b69c42ef.jpg,label_2
b048f7a441.jpg,label_2
7e6f4decce.jpg,label_2
e5c10eb943.jpg,label_2
39304c7968.jpg,label_2
02164ebb34.jpg,label_2
cdd0b04f9e.jpg,label_2
b4478d85d7.jpg,label_2
62163af2f5.jpg,label_2
3daa2d19f6.jpg,label_2
1f5c5703a3.jpg,label_2
9d668b8b02.jpg,label_2
b340225152.jpg,label_2
4a24024885.jpg,label_2
483c4b70af.jpg,label_2
db11e29c70.jpg,label_2
ad1f3613b1.jpg,label_2
92db7d5fe7.jpg,label_2
6a237c7766.jpg,label_2
1756108035.jpg,label_2
f7e5ed0d0c.jpg,label_2
32adea5fb1.jpg,label_2
08309d7787.jpg,label_2
07fa16ee25.jpg,label_2
1b8472a89f.jpg,label_2
1a0a8db74d.jpg,label_2
773322ec52.jpg,label_2
0ca1d2158c.jpg,label_2
3e30ae0406.jpg,label_2
5d72037b41.jpg,label_2
647b9ea6ad.jpg,label_2
8142f2e1be.jpg,label_2
c21908bfed.jpg,label_2
a94a681a0e.jpg,label_2
cb1f9d4a23.jpg,label_2
752630b0d7.jpg,label_2
a5ad7e5bb5.jpg,label_2
7010db187d.jpg,label_2
ca170dfb10.jpg,label_2
8c52c46b21.jpg,label_2
24e3088c19.jpg,label_2
4b63847cb4.jpg,label_2
24d75611f6.jpg,label_2
5283baebc4.jpg,label_2
3366495656.jpg,label_2
a520ae8551.jpg,label_2
986f497b40.jpg,label_2
9b024262c4.jpg,label_2
bc28919682.jpg,label_2
57fbedd56b.jpg,label_2
abfb060e67.jpg,label_2
5a8f38864c.jpg,label_2
3229f6aed4.jpg,label_2
6c2f605fd5.jpg,label_2
1b72c6b976.jpg,label_2
c6fcc885b7.jpg,label_2
5b06c4b467.jpg,label_2
a6ffb7d42c.jpg,label_2
258039042b.jpg,label_2
bc00c68c92.jpg,label_2
06faa7565b.jpg,label_2
7b994b3a55.jpg,label_2
19155e7783.jpg,label_2
026f145d07.jpg,label_2
de785c091e.jpg,label_2
677215836b.jpg,label_2
6e06d921e0.jpg,label_2
2ea84cbd46.jpg,label_2
beb53f29bf.jpg,label_2
f2bd7fe05b.jpg,label_2
2f073bb84b.jpg,label_2
4ec6baae08.jpg,label_2
e26188bd9b.jpg,label_2
8702671945.jpg,label_2
01884303fe.jpg,label_2
2f9eda3605.jpg,label_2
98af5407dd.jpg,label_2
13e44b7a9a.jpg,label_2
555d0d8821.jpg,label_2
1ee8c1c020.jpg,label_2
174546039c.jpg,label_2
2f2d935ee5.jpg,label_2
249d1433b9.jpg,label_2
bb2c7b684d.jpg,label_2
33169e9064.jpg,label_2
07cba816bb.jpg,label_2
5d033713d7.jpg,label_2
11987fa1db.jpg,label_2
004773d4e8.jpg,label_2
b05b25457b.jpg,label_2
4dc64f279d.jpg,label_2
446328d5b9.jpg,label_2
9d0018609b.jpg,label_2
c010159f8b.jpg,label_2
fe327dfdb2.jpg,label_2
ff4bd9dbf1.jpg,label_2
3abf3ed34f.jpg,label_2
5babad6e64.jpg,label_2
35f9daa99b.jpg,label_2
4972537caa.jpg,label_2
8500335440.jpg,label_2
163fff35ae.jpg,label_2
e7d18745f4.jpg,label_2
caf4242a46.jpg,label_2
070d8743d2.jpg,label_2
33ef77ea9f.jpg,label_2
fe3ac677f8.jpg,label_2
650ea4b039.jpg,label_2
e9619e977e.jpg,label_2
fddfe49379.jpg,label_2
ba94ffbb77.jpg,label_2
df7270c070.jpg,label_2
fd6490a6bf.jpg,label_2
b30bff80ab.jpg,label_2
e2870129a7.jpg,label_2
561b828208.jpg,label_2
d09331530f.jpg,label_2
f0cc4b9d26.jpg,label_2
f937ce30ee.jpg,label_2
fd5f7a4fed.jpg,label_2
72a8f7fbd1.jpg,label_2
db81d82ae7.jpg,label_2
6ca4812477.jpg,label_2
b98ece22a1.jpg,label_2
82b43fe1c6.jpg,label_2
f7b0ffd82b.jpg,label_2
b66c19e828.jpg,label_2
96633876c7.jpg,label_2
ac2ba4c78f.jpg,label_2
0128a1445b.jpg,label_2
afb4ab9da2.jpg,label_2
213f45b9e6.jpg,label_2
34c2c89cba.jpg,label_2
8adc37ca00.jpg,label_2
0c7b5fdf90.jpg,label_2
6f4f3f4ef2.jpg,label_2
883a8646a6.jpg,label_2
5d3cb33007.jpg,label_2
2b5ded8864.jpg,label_2
af8e1b3b12.jpg,label_2
b814966dfe.jpg,label_2
b01689a245.jpg,label_2
657eee7819.jpg,label_2
0f023761c4.jpg,label_2
1168b6bc09.jpg,label_2
499ba53db0.jpg,label_2
f56de8a3fe.jpg,label_2
cb9d1c5e2a.jpg,label_2
68ebe4f77b.jpg,label_2
527cc422de.jpg,label_2
c1186a8f48.jpg,label_2
7ea4bcfb18.jpg,label_2
6c78c24b20.jpg,label_2
2646ed2066.jpg,label_2
ae8c20ce56.jpg,label_2
f74cedff10.jpg,label_2
1e8e99c461.jpg,label_2
1d2ccd909b.jpg,label_2
09df0b0998.jpg,label_2
07bc1f240e.jpg,label_2
eb4fd14df2.jpg,label_2
72eb9a96ad.jpg,label_2
1c42a84720.jpg,label_2
8116e6be24.jpg,label_2
ad3ec69afd.jpg,label_2
3a7787b91a.jpg,label_2
20be7f4579.jpg,label_2
0de2e04a04.jpg,label_2
8dfc402473.jpg,label_2
981cf537ac.jpg,label_2
0363192ae1.jpg,label_2
3d2d02ef32.jpg,label_2
79c590f0a3.jpg,label_2
216c459296.jpg,label_2
aa3f6b8b9b.jpg,label_2
14f37918f8.jpg,label_2
d878debe3d.jpg,label_2
7dada9d5db.jpg,label_2
7531ce4f0b.jpg,label_2
c2cb729af4.jpg,label_2
068a45c99f.jpg,label_2
d0135780e2.jpg,label_2
779ecd70c1.jpg,label_2
e4fa522f40.jpg,label_2
e197b0b9d2.jpg,label_2
39c40a1766.jpg,label_2
2291f31699.jpg,label_2
a20b6e50db.jpg,label_2
71fd9e0aff.jpg,label_2
3f40983155.jpg,label_2
cfa51a43a9.jpg,label_2
158497c8b8.jpg,label_2
fcec852616.jpg,label_2
62647688e4.jpg,label_2
d3a9703b69.jpg,label_2
2929604270.jpg,label_2
d0843d5e4d.jpg,label_2
bc91442405.jpg,label_2
f452ce92ab.jpg,label_2
7c1054f9e2.jpg,label_2
da92ef93aa.jpg,label_2
6d83deca17.jpg,label_2
a737ae22b1.jpg,label_2
161090eb2f.jpg,label_2
8480694627.jpg,label_2
bd94a70ca1.jpg,label_2
c04d69e99b.jpg,label_2
45a2fdf6af.jpg,label_2
8c6f1f98bd.jpg,label_2
73d8317b84.jpg,label_2
22118d3012.jpg,label_2
67302d6723.jpg,label_2
e8f5a7189f.jpg,label_2
33b2ff1a95.jpg,label_2
dc0d8a6480.jpg,label_2
de4356a201.jpg,label_2
e56aebe396.jpg,label_2
7378849e75.jpg,label_2
efcd7d6962.jpg,label_2
1e3bead5d8.jpg,label_2
5c9f8ae98b.jpg,label_2
c3ce27485e.jpg,label_2
59105d02fe.jpg,label_2
eff0cfe9a3.jpg,label_2
46e63e6552.jpg,label_2
77c8edce91.jpg,label_2
1104bfa6c5.jpg,label_2
1762a33f25.jpg,label_2
6d97c5dac0.jpg,label_2
9f798385f8.jpg,label_2
b1b9efd51a.jpg,label_2
e1bc0f14f9.jpg,label_2
ac5a4a0d8e.jpg,label_2
528dee1b95.jpg,label_2
57da558694.jpg,label_2
4b49bf8616.jpg,label_2
b5d23185d5.jpg,label_2
0f10a540ae.jpg,label_2
3d4907b5c2.jpg,label_2
a5591091cd.jpg,label_2
466a9dd70e.jpg,label_2
5621a4cd91.jpg,label_2
f79f6f04d0.jpg,label_2
71df03c982.jpg,label_2
890a07bd22.jpg,label_2
1206892d83.jpg,label_2
07b2974e83.jpg,label_2
a2db71985f.jpg,label_2
8db8680806.jpg,label_2
9dc88ff28b.jpg,label_2
34bb0d77d5.jpg,label_2
ba2e222b3f.jpg,label_2
fb6660a006.jpg,label_2
9825f4c807.jpg,label_2
6a3b1d75ca.jpg,label_2
a9484f74b5.jpg,label_2
7bb5808f5c.jpg,label_2
66f5142aed.jpg,label_2
d400c23e7a.jpg,label_2
d12e8e7afc.jpg,label_2
2f2335db96.jpg,label_2
dbca91f3cf.jpg,label_2
f683f91d0b.jpg,label_2
b6e5fec0bf.jpg,label_2
832345bd53.jpg,label_2
2af729a3fd.jpg,label_2
0a04f8e80e.jpg,label_2
5194f2cf36.jpg,label_2
e140c11d8f.jpg,label_2
3ea56564f3.jpg,label_2
ffbd4994a3.jpg,label_2
2abc42c3fa.jpg,label_2
5a2c72f10c.jpg,label_2
e3c0c02068.jpg,label_2
159a540d4b.jpg,label_2
a43e9dbc5a.jpg,label_2
d29f55b86a.jpg,label_2
1443f757a5.jpg,label_2
b91537aaa4.jpg,label_2
e6dd941c26.jpg,label_2
fe4d3a9845.jpg,label_2
fcb9c2843a.jpg,label_2
806875fc87.jpg,label_2
61a25ffedb.jpg,label_2
36412a3357.jpg,label_2
f8a30caef4.jpg,label_2
47f5af703d.jpg,label_2
c06b8a31bd.jpg,label_2
ba329ecd75.jpg,label_2
072915d6b2.jpg,label_2
f85644eeb1.jpg,label_2
49cf798081.jpg,label_2
5362e8562c.jpg,label_2
300246fd52.jpg,label_2
6382950826.jpg,label_2
8a2b99d062.jpg,label_2
f6706a982f.jpg,label_2
4a96a88566.jpg,label_2
afc543d06a.jpg,label_2
85a1996969.jpg,label_2
857ebb2779.jpg,label_2
625f87673f.jpg,label_2
cb0956312c.jpg,label_2
843567a105.jpg,label_2
64ed5a4a4f.jpg,label_2
50ef0bbe1f.jpg,label_2
8a27b3500b.jpg,label_2
65a9ccf2ca.jpg,label_2
17c875d5e1.jpg,label_2
39497e32c5.jpg,label_2
c748cf7228.jpg,label_2
c43574f4ae.jpg,label_2
2dd7558ebf.jpg,label_2
4bf5a09e76.jpg,label_2
142825a50c.jpg,label_2
8282f3f94e.jpg,label_2
95eef91b37.jpg,label_2
16e1180c40.jpg,label_2
9107c85abc.jpg,label_2
fd9a292cfb.jpg,label_2
977d9c827b.jpg,label_2
ad6ee49942.jpg,label_2
f9409479c8.jpg,label_2
ed8bd2ff13.jpg,label_2
ccbd332c1f.jpg,label_2
90e175a87a.jpg,label_2
ee41aefafc.jpg,label_2
fbc713ac9e.jpg,label_2
d53af0ad07.jpg,label_2
e00f803cc8.jpg,label_2
c88d980a0d.jpg,label_2
136ae076b6.jpg,label_2
7fd81c725c.jpg,label_2
079eb0d115.jpg,label_2
2918f01d32.jpg,label_2
e8e08c0b7d.jpg,label_2
2779022ee3.jpg,label_2
fd2d730661.jpg,label_2
b950928fa9.jpg,label_2
30ca621545.jpg,label_2
8c25224d47.jpg,label_2
221f8dc3cb.jpg,label_2
d26e9b2b9f.jpg,label_2
d5be76a29b.jpg,label_2
472fded9b4.jpg,label_2
70efcbfeff.jpg,label_2
9a73c3c35a.jpg,label_2
ecf29f03c2.jpg,label_2
2eff60564a.jpg,label_2
1c55bc874f.jpg,label_2
cff96bb059.jpg,label_2
2354c8bb48.jpg,label_2
48054d94df.jpg,label_2
6b813d63f8.jpg,label_2
ac6c7b4272.jpg,label_2
8507c4e99c.jpg,label_2
4cf9a5e672.jpg,label_2
889596ec56.jpg,label_2
f14b5f9cef.jpg,label_2
74da8a1706.jpg,label_2
eaec353235.jpg,label_2
f425e8793a.jpg,label_2
6a0ad72c34.jpg,label_2
3491262ce1.jpg,label_2
83fc831f68.jpg,label_2
e6e062aad1.jpg,label_2
57054c4862.jpg,label_2
4fe6eeb2b3.jpg,label_2
8edd082f9a.jpg,label_2
9218195de0.jpg,label_2
93c20eaab6.jpg,label_2
35bd006842.jpg,label_2
d9d8b29fc9.jpg,label_2
8db90b3774.jpg,label_2
b7b65637e2.jpg,label_2
22122c8ad2.jpg,label_2
fa24516c90.jpg,label_2
46c76f1fee.jpg,label_2
b63a3a772e.jpg,label_2
fd784e1b7e.jpg,label_2
3628683aea.jpg,label_2
21f9c29a82.jpg,label_2
25f3dce1b0.jpg,label_2
0a04bcf025.jpg,label_2
98650c5640.jpg,label_2
88f69f06d0.jpg,label_2
9f355da2a4.jpg,label_2
517e470824.jpg,label_2
edb3dc8186.jpg,label_2
2e9fde166e.jpg,label_2
7f96672c67.jpg,label_2
38b4eb0263.jpg,label_2
8782e45ea9.jpg,label_2
0770466eb7.jpg,label_2
6220266c51.jpg,label_2
6bab379da9.jpg,label_2
e0c09d5d75.jpg,label_2
19563b65b3.jpg,label_2
4d4fd3ef20.jpg,label_2
d56a6fa3df.jpg,label_2
0350f05efb.jpg,label_2
0fc0f3fe24.jpg,label_2
e4fc2788dc.jpg,label_2
eee488e8fe.jpg,label_2
f7a44ecade.jpg,label_2
23f6299d1e.jpg,label_2
449bef3878.jpg,label_2
d5028db429.jpg,label_2
f74c705913.jpg,label_2
e062b9a2b5.jpg,label_2
585c3c85ae.jpg,label_2
e4908ed25e.jpg,label_2
3bc3f7e93d.jpg,label_2
9d5e6ad185.jpg,label_2
87172ebd62.jpg,label_2
928f53cc0f.jpg,label_2
ccff220cf4.jpg,label_2
52bb301c47.jpg,label_2
4c06b6cea4.jpg,label_2
d3b265df4a.jpg,label_2
3eb27af321.jpg,label_2
794bf151d5.jpg,label_2
2983409df7.jpg,label_2
17dc51bd53.jpg,label_2
cde38b68ea.jpg,label_2
a35f554a4a.jpg,label_2
201608acfe.jpg,label_2
6dd12791fd.jpg,label_2
a9a1459119.jpg,label_2
a62a6ecfb5.jpg,label_2
43016cb8a1.jpg,label_2
1bc9af87ca.jpg,label_2
05a0986da7.jpg,label_2
7fb3ce5b1b.jpg,label_2
e68ade9f59.jpg,label_2
3aca5d26e6.jpg,label_2
4ac97bb7bf.jpg,label_2
a84c709e2f.jpg,label_2
515bf5e405.jpg,label_2
a038134cd8.jpg,label_2
989ae6c696.jpg,label_2
895a7f7b4b.jpg,label_2
406f9ab396.jpg,label_2
3b8a592619.jpg,label_2
5908923186.jpg,label_2
473c4a4920.jpg,label_2
37528180ab.jpg,label_2
cca4bb57bc.jpg,label_2
8e1ded26d7.jpg,label_2
bde58154f4.jpg,label_2
a85072c840.jpg,label_2
7086f12ee2.jpg,label_2
82aba07269.jpg,label_2
b0296e39ae.jpg,label_2
21e4ac1ce5.jpg,label_2
1b57059622.jpg,label_2
3bbe8a9e58.jpg,label_2
59a4a72e6f.jpg,label_2
83bd2c8b13.jpg,label_2
6bbfe41e88.jpg,label_2
5c8e48d4ea.jpg,label_2
4ef54ef5cf.jpg,label_2
8080167d70.jpg,label_2
e21e458ad2.jpg,label_2
d46ae6c74f.jpg,label_2
964a038e0d.jpg,label_2
d63d6f3fbb.jpg,label_2
1f6691afdf.jpg,label_2
ab86fd367d.jpg,label_2
46d7143a84.jpg,label_2
fac191da2f.jpg,label_2
92303f2d31.jpg,label_2
7a8182a537.jpg,label_2
f05d938d47.jpg,label_2
0a2bc0e070.jpg,label_2
b3ebdd0017.jpg,label_2
ad34e149ae.jpg,label_2
4880bf011e.jpg,label_2
5fce938689.jpg,label_2
13070dd976.jpg,label_2
aaa23e214a.jpg,label_2
23255e2a5e.jpg,label_2
c0cf789a6d.jpg,label_2
2937d646ec.jpg,label_2
505c43c216.jpg,label_2
9c23e82777.jpg,label_2
823453b1bb.jpg,label_2
a394a4ca9c.jpg,label_2
8344a32e1f.jpg,label_2
21ec617c35.jpg,label_2
19d7839a9c.jpg,label_2
e6d5a441ec.jpg,label_2
e5018f669c.jpg,label_2
1be3bb9dab.jpg,label_2
c394bc5bb3.jpg,label_2
07d1882d5c.jpg,label_2
02885090ec.jpg,label_2
2fdf6fbc46.jpg,label_2
418a233c64.jpg,label_2
2d636ee431.jpg,label_2
ca1cdcf365.jpg,label_2
9bf4250f2b.jpg,label_2
1d8a140936.jpg,label_2
be31252a8d.jpg,label_2
3760de808c.jpg,label_2
2d1fd29a84.jpg,label_2
4b85e611cd.jpg,label_2
08f99d4d05.jpg,label_2
ea2c6698a5.jpg,label_2
f2de89b05d.jpg,label_2
98d31b37e2.jpg,label_2
e0857f4089.jpg,label_2
16d3a4e4a1.jpg,label_2
d4e507225a.jpg,label_2
ee1a2909a1.jpg,label_2
5e1c6eb722.jpg,label_2
75943a3eaf.jpg,label_2
34ea9d0ddc.jpg,label_2
5c0790d280.jpg,label_2
9837ff3716.jpg,label_2
17308d11b6.jpg,label_2
1815d971f4.jpg,label_2
dfcaf47565.jpg,label_2
59a5ff370a.jpg,label_2
d725bffbb9.jpg,label_2
1bc5d5cdaf.jpg,label_2
71107b16b6.jpg,label_2
e525632498.jpg,label_2
fdd6682312.jpg,label_2
c6cfe6922a.jpg,label_2
12c09a2987.jpg,label_2
9a6955b6ae.jpg,label_2
24a1fe065b.jpg,label_2
cc4d4319b3.jpg,label_2
a56a12394d.jpg,label_2
59619cacd6.jpg,label_2
2d03e4f8ad.jpg,label_2
838897176b.jpg,label_2
1ece69f362.jpg,label_2
7e7ecbab1f.jpg,label_2
11542befa2.jpg,label_2
02ce9d5dba.jpg,label_2
b1744f3e2f.jpg,label_2
47d0902d60.jpg,label_2
e72b8a86f0.jpg,label_2
3a66919f36.jpg,label_2
5a3c13c689.jpg,label_2
275f1d1dee.jpg,label_2
0ce55f354d.jpg,label_2
8d766447f8.jpg,label_2
604a40eeaa.jpg,label_2
ea85c3c864.jpg,label_2
0191b19f44.jpg,label_2
e5d17a312b.jpg,label_2
ab28414f6c.jpg,label_2
fee1144f47.jpg,label_2
040c744779.jpg,label_2
0a17137b9e.jpg,label_2
55d40012db.jpg,label_2
009ed56c89.jpg,label_2
0af4231a6a.jpg,label_2
1ff98be345.jpg,label_2
25fb3023a4.jpg,label_2
c6f3122b18.jpg,label_2
ce91f9e101.jpg,label_2
683db1c82c.jpg,label_2
c9dce0e4d1.jpg,label_2
7442a33fab.jpg,label_2
c88273a425.jpg,label_2
158404b5c1.jpg,label_2
1565d47052.jpg,label_2
7b1c18fc7a.jpg,label_2
29ccdedf9f.jpg,label_2
6a4748212b.jpg,label_2
f59bf5ff79.jpg,label_2
c15c976e1c.jpg,label_2
599be77956.jpg,label_2
d1656e0b93.jpg,label_2
37f8b13680.jpg,label_2
68a785cd1c.jpg,label_2
1a73d3c2b8.jpg,label_2
36e666bf6f.jpg,label_2
4e9c9abe81.jpg,label_2
490f1fb5fb.jpg,label_2
df3f21c8f2.jpg,label_2
b7bc2c7dfb.jpg,label_2
5bdc707a9a.jpg,label_2
6d663126d7.jpg,label_2
edc3d0e61d.jpg,label_2
a46f41276a.jpg,label_2
ab64f1da10.jpg,label_2
d6e9e7bc1e.jpg,label_2
8553d346e6.jpg,label_2
e9debf881c.jpg,label_2
475bae48a2.jpg,label_2
d5f9ae0e5f.jpg,label_2
8c91b3a394.jpg,label_2
1630bcc4df.jpg,label_2
19541db587.jpg,label_2
7bb54db2db.jpg,label_2
9baa8c116a.jpg,label_2
5561496917.jpg,label_2
97f738cab8.jpg,label_2
149ff712e0.jpg,label_2
92cd6f57e8.jpg,label_2
123db382fd.jpg,label_2
b4f6c5581a.jpg,label_2
ee85f624fc.jpg,label_2
c4a43e8692.jpg,label_2
60f3ab1d7e.jpg,label_2
0ff20be57a.jpg,label_2
a385a5582f.jpg,label_2
b25c0bb777.jpg,label_2
627184c4a3.jpg,label_2
55dd395674.jpg,label_2
d256a1487e.jpg,label_2
ae75b0d7d3.jpg,label_2
550646641e.jpg,label_2
9d5a0e9a1e.jpg,label_2
82160b2388.jpg,label_2
662ba68e9a.jpg,label_2
c3f1525fdb.jpg,label_2
563ee34d37.jpg,label_2
0e3988f485.jpg,label_2
a19f3818ad.jpg,label_2
b9778feb8b.jpg,label_2
200e03905e.jpg,label_2
45a36f3096.jpg,label_2
1b68d18372.jpg,label_2
4871963d58.jpg,label_2
009b266d98.jpg,label_2
26d6f09209.jpg,label_2
27127cf867.jpg,label_2
c4f8466ea7.jpg,label_2
3da660d2ec.jpg,label_2
0f318c59d9.jpg,label_2
c22f136f48.jpg,label_2
a079efd65d.jpg,label_2
f50e281f55.jpg,label_2
caeb84781a.jpg,label_2
826db4830a.jpg,label_2
d3d02a2362.jpg,label_2
17c4eaf5ba.jpg,label_2
acafbb3284.jpg,label_2
ff5124e69e.jpg,label_2
ad63a1d363.jpg,label_2
3fab0802ba.jpg,label_2
df6ea35948.jpg,label_2
b169fddd2e.jpg,label_2
3850c927fb.jpg,label_2
3dcc0cdecf.jpg,label_2
ef289b74fc.jpg,label_2
ec9d148745.jpg,label_2
21fc5bc616.jpg,label_2
1e3ecc9a49.jpg,label_2
92ad28a7fb.jpg,label_2
11ddd75a2d.jpg,label_2
2e367f3d49.jpg,label_2
53c2a5632c.jpg,label_2
7330de4fb6.jpg,label_2
0ecd2f5d6c.jpg,label_2
599abe3543.jpg,label_2
ff21dce514.jpg,label_2
f71fb83397.jpg,label_2
93bc1e32d4.jpg,label_2
653fe0a05a.jpg,label_2
ad70097f04.jpg,label_2
bdefe38553.jpg,label_2
6b2e9de95d.jpg,label_2
1a2e0563fc.jpg,label_2
c6fffd398b.jpg,label_2
d923be8a69.jpg,label_2
7ed377032b.jpg,label_2
fb9c751432.jpg,label_2
00a16cb3ae.jpg,label_2
4dff4d72d0.jpg,label_2
77195039eb.jpg,label_2
6562020c62.jpg,label_2
49ec6b8ddb.jpg,label_2
dbc96c9ad6.jpg,label_2
d990650785.jpg,label_2
783875dca7.jpg,label_2
c66d8abcdf.jpg,label_2
3d0d89604b.jpg,label_2
1882d0ff9c.jpg,label_2
cf733c9d4e.jpg,label_2
848071e4b7.jpg,label_2
85adb11529.jpg,label_2
1bc2c7778b.jpg,label_2
f4c27e8a13.jpg,label_2
a7432008b7.jpg,label_2
99a3e77b75.jpg,label_2
cebe4eba9e.jpg,label_2
2122f8b27a.jpg,label_2
2a47b7af5b.jpg,label_2
5a6572fc77.jpg,label_2
49a85b7879.jpg,label_2
eaca323367.jpg,label_2
8e46188f51.jpg,label_2
85492e3e6d.jpg,label_2
dfd3d445f2.jpg,label_2
1c4091907d.jpg,label_2
f90a048ecd.jpg,label_2
e19a6b1417.jpg,label_2
5b3e5607fe.jpg,label_2
f20e894e9c.jpg,label_2
d805d58090.jpg,label_2
62ec7d46a0.jpg,label_2
c515d7057a.jpg,label_2
7e7efd020b.jpg,label_2
8a1947c9c5.jpg,label_2
ec2e5b8bf7.jpg,label_2
9a9f29d582.jpg,label_2
06fecd325f.jpg,label_2
1e64c4c59d.jpg,label_2
137508f39d.jpg,label_2
62216dfc98.jpg,label_2
17c083086c.jpg,label_2
ca78e689f5.jpg,label_2
753aa7fbfc.jpg,label_2
a271e50f76.jpg,label_2
6ea876ec34.jpg,label_2
45e3edf57f.jpg,label_2
da13ee3a96.jpg,label_2
8f25f09373.jpg,label_2
e000433a24.jpg,label_2
ed746f7ece.jpg,label_2
a589cc8a4f.jpg,label_2
0c5feb3b50.jpg,label_2
da4c06d7b7.jpg,label_2
dba9dc4aa7.jpg,label_2
2dc63e9c85.jpg,label_2
55109efccc.jpg,label_2
720548a349.jpg,label_2
2cef8de2f0.jpg,label_2
0e309fc90f.jpg,label_2
8380b8cbd3.jpg,label_2
a2a51036d2.jpg,label_2
dd3d0c3097.jpg,label_2
6d77c0d224.jpg,label_2
7f4b5540d0.jpg,label_2
9e8cc2b3f3.jpg,label_2
59e698822f.jpg,label_2
39bcf16ff7.jpg,label_2
967ca3579f.jpg,label_2
b07351ec08.jpg,label_2
5a44234fff.jpg,label_2
45cdf8bb2e.jpg,label_2
e6ee7f3ebb.jpg,label_2
2cf6e14728.jpg,label_2
e16e7d4cf6.jpg,label_2
aa7aa9aa08.jpg,label_2
156c581e9c.jpg,label_2
bf11379197.jpg,label_2
af337c9640.jpg,label_2
ab215ad4c5.jpg,label_2
f4c1dd8578.jpg,label_2
c3f053b713.jpg,label_2
bcc389bd10.jpg,label_2
0ab569756e.jpg,label_2
db2c73bd31.jpg,label_2
6259b79e15.jpg,label_2
747dba50f9.jpg,label_2
d789c8067a.jpg,label_2
18353d56b0.jpg,label_2
19ab6610f8.jpg,label_2
479eed6fd4.jpg,label_2
22e54fe78d.jpg,label_2
aeb9929926.jpg,label_2
1fe374a0ba.jpg,label_2
a8909ccfbb.jpg,label_2
64ec74f155.jpg,label_2
b32bd4a0a7.jpg,label_2
2b92dfba63.jpg,label_2
c4101562e8.jpg,label_2
502aa881b9.jpg,label_2
39124332b5.jpg,label_2
b5a528e10e.jpg,label_2
dffebf1997.jpg,label_2
3f4980cb5d.jpg,label_2
9e5defa2c1.jpg,label_2
ab6ec1b1bc.jpg,label_2
2157ceb596.jpg,label_2
3b2a1e84dd.jpg,label_2
121e2d686e.jpg,label_2
0d5b2c8acd.jpg,label_2
cbc68cde81.jpg,label_2
94cc8b22d5.jpg,label_2
fa7efaa482.jpg,label_2
d9da9e5fa3.jpg,label_2
2e5fcd3166.jpg,label_2
378e2bee0d.jpg,label_2
94ebecb4f8.jpg,label_2
41c72a1f84.jpg,label_2
09a90569f8.jpg,label_2
86b31415e7.jpg,label_2
3b21c6d059.jpg,label_2
405d029d34.jpg,label_2
b1b1f28f84.jpg,label_2
42523f174d.jpg,label_2
603686352f.jpg,label_2
ec8bad5d91.jpg,label_2
6eaea3ef6b.jpg,label_2
604f1e7de8.jpg,label_2
56fc4c759b.jpg,label_2
b16efafff8.jpg,label_2
d8ac7ee135.jpg,label_2
2e3240833c.jpg,label_2
f963a155e9.jpg,label_2
27d1a10f8d.jpg,label_2
f8df601c50.jpg,label_2
f2de8721f7.jpg,label_2
5fc3c19ee1.jpg,label_2
f762676312.jpg,label_2
effc0fc293.jpg,label_2
fb06bb2cf5.jpg,label_2
fa3ab08945.jpg,label_2
65bee0869d.jpg,label_2
a7cf7a936f.jpg,label_2
ac4ce157eb.jpg,label_2
bd821107b4.jpg,label_2
43ba971467.jpg,label_2
5c6320fa1f.jpg,label_2
6ba0506d24.jpg,label_2
5b7b1ecd9c.jpg,label_2
bd2b9eaa85.jpg,label_2
fa8a7779eb.jpg,label_2
b842c047f6.jpg,label_2
0e2e9a4075.jpg,label_2
25c8a4516f.jpg,label_2
0947e47409.jpg,label_2
8712749852.jpg,label_2
2a2ef40844.jpg,label_2
196f05f61d.jpg,label_2
481f35c78f.jpg,label_2
b33f0aac2c.jpg,label_2
d743e54022.jpg,label_2
3f428fa749.jpg,label_2
4493e5e591.jpg,label_2
f9a6ed67f4.jpg,label_2
22470ef81d.jpg,label_2
0995f5723d.jpg,label_2
a69b905720.jpg,label_2
4d9d83eb1e.jpg,label_2
b28c920655.jpg,label_2
e815f750d0.jpg,label_2
e5691b6cb1.jpg,label_2
e06a5dc784.jpg,label_2
315708cad7.jpg,label_2
21cf762f84.jpg,label_2
733885ccd4.jpg,label_2
e0a9ccb61e.jpg,label_2
f8f5c399a9.jpg,label_2
7c472e48ca.jpg,label_2
272544783e.jpg,label_2
e37aa7938f.jpg,label_2
023ce8816d.jpg,label_2
50e99e414e.jpg,label_2
99cb7a7e7a.jpg,label_2
b69f9fe696.jpg,label_2
515ea5fe29.jpg,label_2
5a7633c105.jpg,label_2
b1fcd7fe9f.jpg,label_2
27d3048627.jpg,label_2
610958bb26.jpg,label_2
6db7d9c941.jpg,label_2
b03b77223a.jpg,label_2
646ef2d524.jpg,label_2
3d3829ecc6.jpg,label_2
1758172f1d.jpg,label_2
f6a5915841.jpg,label_2
f4a0e5c459.jpg,label_2
8eaf9259e0.jpg,label_2
2f78959d68.jpg,label_2
a6ec9cfb78.jpg,label_2
4bd7a9be6d.jpg,label_2
92682f9e22.jpg,label_2
4ae38c94fc.jpg,label_2
e2e9e74d35.jpg,label_2
5841ba4e8f.jpg,label_2
d197ab077e.jpg,label_2
a908283cf0.jpg,label_2
b128b3f562.jpg,label_2
29bf3e1919.jpg,label_2
53a56fb9c4.jpg,label_2
d4986be1ce.jpg,label_2
1069e32806.jpg,label_2
b0f4a8dc34.jpg,label_2
5a5ee16e44.jpg,label_2
cf7ab3ef73.jpg,label_2
c4c0929b6a.jpg,label_2
d6e46da7ea.jpg,label_2
721df9c75b.jpg,label_2
e2337d49fb.jpg,label_2
1e2fb71cd6.jpg,label_2
c37847b4a8.jpg,label_2
f8a1302d09.jpg,label_2
8f5a9c7ce9.jpg,label_2
960b0fb619.jpg,label_2
bef63a01b7.jpg,label_2
76347f219d.jpg,label_2
d4a5ef4f32.jpg,label_2
7c808b0587.jpg,label_2
b0d0f3f156.jpg,label_2
00dfffbd41.jpg,label_2
ff893ed088.jpg,label_2
7ac186aeff.jpg,label_2
db7daeb1c6.jpg,label_2
cb441b8a66.jpg,label_2
d1f4cff5f8.jpg,label_2
f5f5bf3e2d.jpg,label_2
5056d1f7c1.jpg,label_2
4b8005130f.jpg,label_2
1a58abcc55.jpg,label_2
59729ac2ac.jpg,label_2
48ad76010c.jpg,label_2
47b2fa3d37.jpg,label_2
0d0b99e720.jpg,label_2
fcff2e97b3.jpg,label_2
a25744d38f.jpg,label_2
b8c7e78b4e.jpg,label_2
861a1dbcf3.jpg,label_2
25d3a2161e.jpg,label_2
ec1eba85b9.jpg,label_2
14ae7c6794.jpg,label_2
8edb020386.jpg,label_2
ead704d0af.jpg,label_2
0aaaa59109.jpg,label_2
5b982b76ce.jpg,label_2
074b9fde7e.jpg,label_2
c89b190c01.jpg,label_2
fab08ab620.jpg,label_2
1e49dd3ba8.jpg,label_2
1fae12e4cb.jpg,label_2
a461237c22.jpg,label_2
798964ade2.jpg,label_2
e2936bd072.jpg,label_2
fd8146ff6f.jpg,label_2
7b68b79100.jpg,label_2
7570441206.jpg,label_2
8bb1e1107e.jpg,label_2
c8271ebdd3.jpg,label_2
853c860412.jpg,label_2
3ac05cb5f3.jpg,label_2
3addc90ac8.jpg,label_2
122d6a50dc.jpg,label_2
ae72f4f0a2.jpg,label_2
9f2a7074ae.jpg,label_2
eac1ce803d.jpg,label_2
440e75dedd.jpg,label_2
12de1de52e.jpg,label_2
ae1b7b76d0.jpg,label_2
2375aa19f7.jpg,label_2
173fa4eff9.jpg,label_2
d32a7f0f4e.jpg,label_2
52a718c53c.jpg,label_2
c5d0dba737.jpg,label_2
e0fd2acffa.jpg,label_2
0d9859f804.jpg,label_2
6feedbded6.jpg,label_2
9cd0e176ea.jpg,label_2
44fcd6d370.jpg,label_2
f6e649ebbc.jpg,label_2
45bbda8c47.jpg,label_2
ca16aac716.jpg,label_2
e7a2cf71c0.jpg,label_2
f3273a316d.jpg,label_2
e9a81dc85e.jpg,label_2
ec7635a2b4.jpg,label_2
33ffcb62f2.jpg,label_2
e1506ba4e6.jpg,label_2
a6b5016c68.jpg,label_2
f69dfc3367.jpg,label_2
0a9796a6c2.jpg,label_2
f6d95cab4c.jpg,label_2
4375db1ee8.jpg,label_2
2fd3e5cf39.jpg,label_2
3a4723879a.jpg,label_2
89b62290fd.jpg,label_2
d25b3fd383.jpg,label_2
85fa3516da.jpg,label_2
d8e353d3d3.jpg,label_2
5a9637a6e8.jpg,label_2
69a4f57724.jpg,label_2
56f3679673.jpg,label_2
8325fca332.jpg,label_2
e3b89cc35d.jpg,label_2
be01612c13.jpg,label_2
5550f58780.jpg,label_2
d3ae203463.jpg,label_2
907ed81d57.jpg,label_2
2bf45593ee.jpg,label_2
3cf0c0f295.jpg,label_2
548a4a3cf6.jpg,label_2
4bb038e327.jpg,label_2
e7bcde452f.jpg,label_2
62580d598f.jpg,label_2
ec2c28342a.jpg,label_2
452ecad152.jpg,label_2
f84fabb941.jpg,label_2
fea50d9ae0.jpg,label_2
b04ae661d8.jpg,label_2
747824bc9f.jpg,label_2
3b7e305642.jpg,label_2
f2b0b58300.jpg,label_2
2a4cd3a7d3.jpg,label_2
5b6fc89ae7.jpg,label_2
cde39bb303.jpg,label_2
00f5b22b0e.jpg,label_2
cb85b65ea3.jpg,label_2
3ccf9ca631.jpg,label_2
6c5fc2ebc3.jpg,label_2
d4bffe87e3.jpg,label_2
1704ffaaf2.jpg,label_2
28009a149d.jpg,label_2
a568a78aa6.jpg,label_2
57cccbb091.jpg,label_2
d563a2956f.jpg,label_2
b196966b36.jpg,label_2
d3ee895adb.jpg,label_2
689ba08582.jpg,label_2
a6fb8606c9.jpg,label_2
5d90a527e2.jpg,label_2
d8b51f706a.jpg,label_2
9574816d37.jpg,label_2
23255749fd.jpg,label_2
9b3f969629.jpg,label_2
c01e827945.jpg,label_2
8d287843b0.jpg,label_2
82eb8b801a.jpg,label_2
b2ef1d82a3.jpg,label_2
b5ac5bc371.jpg,label_2
24232456cd.jpg,label_2
fdd9ac73ec.jpg,label_2
6ed81fab46.jpg,label_2
68d361ac58.jpg,label_2
0a9e43869e.jpg,label_2
a2425bcadb.jpg,label_2
2e93b0232c.jpg,label_2
bea1879cb7.jpg,label_2
1a804f27e1.jpg,label_2
44adffce45.jpg,label_2
a7307bb1cc.jpg,label_2
3e7e79c22e.jpg,label_2
e8fef602b5.jpg,label_2
9936e40c2d.jpg,label_2
32e3760209.jpg,label_2
115ac21dba.jpg,label_2
a42a9a3e16.jpg,label_2
b4c63566cc.jpg,label_2
078f2b7777.jpg,label_2
4d33dc243b.jpg,label_2
0f4154b1b9.jpg,label_2
f74b966299.jpg,label_2
ca1e59ec1a.jpg,label_2
68b97f9675.jpg,label_2
44978bd39e.jpg,label_2
a082c58398.jpg,label_2
5695be435f.jpg,label_2
b3102a72e2.jpg,label_2
1bc0904afe.jpg,label_2
d39f7e9a8f.jpg,label_2
165ea88d0e.jpg,label_2
fd56d6b0ff.jpg,label_2
0cf259aa93.jpg,label_2
535460d9b5.jpg,label_2
defd3c527f.jpg,label_2
e87258a653.jpg,label_2
3448a2b4a1.jpg,label_2
4babeb4da6.jpg,label_2
2da2c509c7.jpg,label_2
bfde6f262f.jpg,label_2
01996dcce3.jpg,label_2
4007c14130.jpg,label_2
2d04bb6843.jpg,label_2
758162410c.jpg,label_2
20cbd87abc.jpg,label_2
8e2089b29e.jpg,label_2
f5b183aa8c.jpg,label_2
00396960ae.jpg,label_2
d7d6d51b68.jpg,label_2
53dcfcbd7a.jpg,label_2
105cf7caa3.jpg,label_2
4404f8015c.jpg,label_2
c93c4b4f8e.jpg,label_2
f8ff64b2de.jpg,label_2
9c00df02a7.jpg,label_2
3a803ed08d.jpg,label_2
572ed0a7ce.jpg,label_2
f6f802939b.jpg,label_2
a2ec3f7613.jpg,label_2
45819c1b85.jpg,label_2
164931f4a2.jpg,label_2
7abcc0af16.jpg,label_2
d78ff079a6.jpg,label_2
87ee1b2000.jpg,label_2
35c3912a81.jpg,label_2
27b66dd970.jpg,label_2
44b9998075.jpg,label_2
ad7266d142.jpg,label_2
1ee6334a0c.jpg,label_2
1ccc85002b.jpg,label_2
e1ddd5c6fb.jpg,label_2
17cc9a335c.jpg,label_2
c7ff5ae004.jpg,label_2
88ca29ab21.jpg,label_2
433bf78482.jpg,label_2
54d6fc6494.jpg,label_2
ba9966f438.jpg,label_2
4e8e0329cf.jpg,label_2
f5c679c421.jpg,label_2
37358ee341.jpg,label_2
5f8a3c6aaa.jpg,label_2
dd28b464ce.jpg,label_2
9723b72293.jpg,label_2
0c155b9bd3.jpg,label_2
84ef52dd3f.jpg,label_2
d5225b322f.jpg,label_2
9d87b466ac.jpg,label_2
5d4f922e25.jpg,label_2
045b5209ea.jpg,label_2
51dd9eaa5c.jpg,label_2
8405c93e65.jpg,label_2
e297262d66.jpg,label_2
11da738e5b.jpg,label_2
f51d12b8e3.jpg,label_2
fcf1d07be1.jpg,label_2
48fedbce7c.jpg,label_2
ed1b5f8239.jpg,label_2
9f14829964.jpg,label_2
f8b937a066.jpg,label_2
3f18cca124.jpg,label_2
4ee2168f36.jpg,label_2
4afed03d68.jpg,label_2
ea3ba58395.jpg,label_2
2d8a022a71.jpg,label_2
08d0d85966.jpg,label_2
bc3826feb9.jpg,label_2
785c59ee48.jpg,label_2
54d1e44e60.jpg,label_2
a61395f83b.jpg,label_2
6da9148167.jpg,label_2
3d39328f1c.jpg,label_2
7f7397bfb1.jpg,label_2
b77ab34833.jpg,label_2
432240c7ad.jpg,label_2
e65ede6d0f.jpg,label_2
1c62216938.jpg,label_2
1b86e5315a.jpg,label_2
5e6da3036d.jpg,label_2
99396c4a2b.jpg,label_2
2ec1d29c2c.jpg,label_2
13d3d81444.jpg,label_2
d7e7beb717.jpg,label_2
b88b2e0348.jpg,label_2
7bf106744f.jpg,label_2
4f9a8c3c65.jpg,label_2
4d305a247b.jpg,label_2
36df37b35b.jpg,label_2
a5e10afb83.jpg,label_2
e39c0af8ba.jpg,label_2
4a31407ee7.jpg,label_2
cc9addcae2.jpg,label_2
e8e2695121.jpg,label_2
36132afe59.jpg,label_2
81bca95546.jpg,label_2
4ec8e09b10.jpg,label_2
611b7ec781.jpg,label_2
e1b45d3dc4.jpg,label_2
87488a48c6.jpg,label_2
da539560d5.jpg,label_2
64d31da854.jpg,label_2
992565f76d.jpg,label_2
a7b8a95868.jpg,label_2
a523f3227d.jpg,label_2
1b29ca630e.jpg,label_2
d261273b26.jpg,label_2
5b83a06c1a.jpg,label_2
e0230c23d8.jpg,label_2
1a855d5a4e.jpg,label_2
87787499ec.jpg,label_2
0ffe8d10b3.jpg,label_2
417b0eef4d.jpg,label_2
966efc611e.jpg,label_2
51d772e2b6.jpg,label_2
b36339c69c.jpg,label_2
762cecb81c.jpg,label_2
67d73db5c2.jpg,label_2
70cda0eb7b.jpg,label_2
3c81ee192c.jpg,label_2
4ec2ba1b03.jpg,label_2
f501030abd.jpg,label_2
d45c830a88.jpg,label_2
816da92cdd.jpg,label_2
891541a85e.jpg,label_2
2142c50482.jpg,label_2
4c299bb364.jpg,label_2
53efd23976.jpg,label_2
7225c669e9.jpg,label_2
fa62d20f6b.jpg,label_2
d6bd394305.jpg,label_2
9105485aee.jpg,label_2
c3a8c89d1d.jpg,label_2
ea12555331.jpg,label_2
ac8fe7e8ba.jpg,label_2
4345b96940.jpg,label_2
8a83bbbd64.jpg,label_2
6786ca2f67.jpg,label_2
640340753c.jpg,label_2
ee4d037a1a.jpg,label_2
b74681b915.jpg,label_2
63c471cfdc.jpg,label_2
4e60346e56.jpg,label_2
880c353d94.jpg,label_2
553167e52c.jpg,label_2
10db799786.jpg,label_2
e7ac8c5006.jpg,label_2
09a6caf0f8.jpg,label_2
a227005704.jpg,label_2
1af4316145.jpg,label_2
b2e76ad269.jpg,label_2
aa5863c371.jpg,label_2
d69e32b486.jpg,label_2
499fc21864.jpg,label_2
98207ad0b4.jpg,label_2
acb60be44e.jpg,label_2
c675a8ed2c.jpg,label_2
781b4f831b.jpg,label_2
f5233df09e.jpg,label_2
ede73b3b4d.jpg,label_2
5107faacb0.jpg,label_2
8f5ea79688.jpg,label_2
07cc85df16.jpg,label_2
f099fc7693.jpg,label_2
f18a3c5068.jpg,label_2
46476e1966.jpg,label_2
4379d0ebe1.jpg,label_2
8135847ca6.jpg,label_2
d513437755.jpg,label_2
1e5488ef02.jpg,label_2
262f222315.jpg,label_2
6eb8135c9a.jpg,label_2
cbd887be60.jpg,label_2
4d04fe7e24.jpg,label_2
0dcaa12b8f.jpg,label_2
c1824c587e.jpg,label_2
30f2ea6095.jpg,label_2
c5474f731c.jpg,label_2
1aacae83fa.jpg,label_2
7053fee0ef.jpg,label_2
46cc2e2b03.jpg,label_2
44016d2265.jpg,label_2
8594caca87.jpg,label_2
3098a062b0.jpg,label_2
570abf7455.jpg,label_2
fefcd4738a.jpg,label_2
b668b265df.jpg,label_2
bfaa10361e.jpg,label_2
5fb2446fe6.jpg,label_2
b4a0e59d8f.jpg,label_2
cdb49373b9.jpg,label_2
3ef32302e1.jpg,label_2
3d4d8d9f48.jpg,label_2
accd5b31fd.jpg,label_2
8f95bdc91e.jpg,label_2
3ea89ae634.jpg,label_2
d87512a8cc.jpg,label_2
fd1a71a278.jpg,label_2
43634987fc.jpg,label_2
244a426a24.jpg,label_2
5e380d79b0.jpg,label_2
a38ddeba27.jpg,label_2
4afb1d054b.jpg,label_2
b5f8ab1502.jpg,label_2
6b9fa95e31.jpg,label_2
c2ab1bab6e.jpg,label_2
e6a6243535.jpg,label_2
2a89915702.jpg,label_2
c6bcd410e8.jpg,label_2
9997cccd02.jpg,label_2
2b39d5c610.jpg,label_2
1b3e5c4f8e.jpg,label_2
c7608d04a8.jpg,label_2
c9d1b11d22.jpg,label_2
b5ff9f8012.jpg,label_2
ad7e011f95.jpg,label_2
65571f596a.jpg,label_2
8f83dd5881.jpg,label_2
261f0b6000.jpg,label_2
9aecde304d.jpg,label_2
c6842415ee.jpg,label_2
f949cd3b02.jpg,label_2
5c8556e60e.jpg,label_2
aa6e0b3612.jpg,label_2
4317145611.jpg,label_2
5390fcec4b.jpg,label_2
5ccd6f1521.jpg,label_2
52e11a56ac.jpg,label_2
9fb6e006e7.jpg,label_2
0440f8d6cf.jpg,label_2
45f27e149a.jpg,label_2
b449811e79.jpg,label_2
55eb3e890e.jpg,label_2
82bdce019c.jpg,label_2
52ae0f8d19.jpg,label_2
c9debe95a6.jpg,label_2
8ac9656870.jpg,label_2
8209792b20.jpg,label_2
8fbe0640cf.jpg,label_2
7fcc77a60d.jpg,label_2
537d954dc0.jpg,label_2
9b9a86e1e4.jpg,label_2
c472d6bbe9.jpg,label_2
82709ed74f.jpg,label_2
ff3a7fc02b.jpg,label_2
828e62fb9e.jpg,label_2
6cef7ef646.jpg,label_2
311743a76d.jpg,label_2
9fc3aac7cd.jpg,label_2
89e577b00a.jpg,label_2
f4d9cc55c6.jpg,label_2
827d42331c.jpg,label_2
8b675ce572.jpg,label_2
55f60a5d4b.jpg,label_2
71f6df4225.jpg,label_2
8b70b333f8.jpg,label_2
9328023c65.jpg,label_2
95dc287836.jpg,label_2
3a37695a4b.jpg,label_2
cbec3f8e05.jpg,label_2
8bc65f29b2.jpg,label_2
a340489240.jpg,label_2
56580d7f84.jpg,label_2
50a9ebf6e1.jpg,label_2
6e001dec60.jpg,label_2
46f0b73186.jpg,label_2
3bc563f9eb.jpg,label_2
5845260f07.jpg,label_2
92b4328c1b.jpg,label_2
5e87156f34.jpg,label_2
ee7aec4d54.jpg,label_2
80078cb29d.jpg,label_2
5b7baf124f.jpg,label_2
4fe7adf7bc.jpg,label_2
efe80171ca.jpg,label_2
a310e633e1.jpg,label_2
28302a558f.jpg,label_2
73fa08e03a.jpg,label_2
8eceb7b3dd.jpg,label_2
6937dfcfc5.jpg,label_2
2e6c9c2acd.jpg,label_2
84ba88b4b0.jpg,label_2
1f7221c307.jpg,label_2
0bc9291d18.jpg,label_2
72cd049fd3.jpg,label_2
c0c7f9c928.jpg,label_2
3729fec7e1.jpg,label_2
b340b88685.jpg,label_2
38c8f0c22b.jpg,label_2
b4ed7561dc.jpg,label_2
bbd885f3d5.jpg,label_2
be10cf3acd.jpg,label_2
4d40b65e4f.jpg,label_2
22a67c4835.jpg,label_2
0dfd6e7eb3.jpg,label_2
723b41ca1e.jpg,label_2
d18b4046c6.jpg,label_2
a714f31fc2.jpg,label_2
7c604af06a.jpg,label_2
43e9250acd.jpg,label_2
bc66243637.jpg,label_2
cb9a9ebdcc.jpg,label_2
4b6287d75a.jpg,label_2
9ae699b4d6.jpg,label_2
dc79bcd510.jpg,label_2
2cfa58c8b8.jpg,label_2
36c93c3580.jpg,label_2
6a11d2a6be.jpg,label_2
4e1c188f22.jpg,label_2
4100eb3c89.jpg,label_2
ad9c4059f5.jpg,label_2
085e6e0ba0.jpg,label_2
f51b039c59.jpg,label_2
e8b076f9e9.jpg,label_2
81c00bf843.jpg,label_2
1c22acbc71.jpg,label_2
426a196048.jpg,label_2
1ebcd0fb98.jpg,label_2
2a290023be.jpg,label_2
0c167be6fe.jpg,label_2
c033055163.jpg,label_2
3ade5073cd.jpg,label_2
74cd452f1b.jpg,label_2
a143f7fb80.jpg,label_2
92ac66a834.jpg,label_2
fff9eab410.jpg,label_2
45eb0ec094.jpg,label_2
6bf86a7d0d.jpg,label_2
0230107252.jpg,label_2
586b297b87.jpg,label_2
2e49686b31.jpg,label_2
0738f6bbad.jpg,label_2
6205b9f7d6.jpg,label_2
746ca7f820.jpg,label_2
422945e8e2.jpg,label_2
9acb03bfbc.jpg,label_2
b757f6918d.jpg,label_2
1789c2225e.jpg,label_2
72e1349808.jpg,label_2
c34d5fa131.jpg,label_2
0e1dac8ee8.jpg,label_2
1ce72b685b.jpg,label_2
4fefa66549.jpg,label_2
aead7dbf18.jpg,label_2
58265c2269.jpg,label_2
dc5225e4be.jpg,label_2
ae35b6631a.jpg,label_2
54eea3a210.jpg,label_2
472b7342d6.jpg,label_2
8914349ba5.jpg,label_2
5e93cac4cc.jpg,label_2
42250d6d18.jpg,label_2
bbbff09b5d.jpg,label_2
72090a0986.jpg,label_2
302635639b.jpg,label_2
8b766ce0d7.jpg,label_2
82b19a084b.jpg,label_2
9b98c05e10.jpg,label_2
8cb79fa021.jpg,label_2
f689a22ec5.jpg,label_2
d858292db5.jpg,label_2
7b87b1c629.jpg,label_2
cc0c484f95.jpg,label_2
bb1e6421b5.jpg,label_2
dac3f1bb85.jpg,label_2
12f1b9bffe.jpg,label_2
0b3622c7d0.jpg,label_2
91d93bb89b.jpg,label_2
ef9c959c10.jpg,label_2
6d5b1a243a.jpg,label_2
e709c8ed9f.jpg,label_2
a4a11b1e54.jpg,label_2
4cfdfe323e.jpg,label_2
7eb11b32e3.jpg,label_2
777e3b36e6.jpg,label_2
a6e8a7cf1b.jpg,label_2
f743c46844.jpg,label_2
6feb031ef9.jpg,label_2
3c69cee37f.jpg,label_2
feb053c8a1.jpg,label_2
c678fb3422.jpg,label_2
580e5f58b1.jpg,label_2
6404655d61.jpg,label_2
57169f273a.jpg,label_2
1bee130e71.jpg,label_2
c0b365742c.jpg,label_2
dd195dbc9e.jpg,label_2
1edfb173ed.jpg,label_2
19b625e26d.jpg,label_2
9bef05b3ec.jpg,label_2
8ee00ac76c.jpg,label_2
e26d94f36d.jpg,label_2
a0dcf7a225.jpg,label_2
a370b81ba2.jpg,label_2
dee60734de.jpg,label_2
11ae804fdc.jpg,label_2
44d23ba2a7.jpg,label_2
40e39c4f6e.jpg,label_2
ddbaf4d43f.jpg,label_2
ee02079127.jpg,label_2
56450cb5c7.jpg,label_2
32d71cc223.jpg,label_2
9fbdb7cbe2.jpg,label_2
d5e40cf80b.jpg,label_2
efca713470.jpg,label_2
e4e33eaaac.jpg,label_2
0b3edfef76.jpg,label_2
3fcf201e47.jpg,label_2
d18a6b185d.jpg,label_2
60ff03811e.jpg,label_2
b70f55a3d5.jpg,label_2
73a4a7efa1.jpg,label_2
30fcc264ba.jpg,label_2
c7e8abad47.jpg,label_2
02bb900252.jpg,label_2
4e9c73946a.jpg,label_2
decb07312e.jpg,label_2
28c3fe0a02.jpg,label_2
1fed4260c1.jpg,label_2
a413f55251.jpg,label_2
6f576b06e9.jpg,label_2
e60eef6ec5.jpg,label_2
6ef5712f43.jpg,label_2
36e529d31d.jpg,label_2
35e7f51531.jpg,label_2
0a995d672e.jpg,label_2
62c5b268ef.jpg,label_2
5ca513ebef.jpg,label_2
439cd40812.jpg,label_2
a95401b7fb.jpg,label_2
4eb44780d3.jpg,label_2
a71c300844.jpg,label_2
fc564ca875.jpg,label_2
17d1dda86b.jpg,label_2
16d3cc83ae.jpg,label_2
72eb61126f.jpg,label_2
318bb692c9.jpg,label_2
15305454bd.jpg,label_2
b81e31ecd4.jpg,label_2
c72421c52d.jpg,label_2
c70fc39660.jpg,label_2
8cc932f492.jpg,label_2
32023da00e.jpg,label_2
77b8e14264.jpg,label_2
0c17b1877b.jpg,label_2
8fd8f35995.jpg,label_2
e4a7e17283.jpg,label_2
9d222d0c44.jpg,label_2
a0e9f02b59.jpg,label_2
7c132670a3.jpg,label_2
b624b11f94.jpg,label_2
df61120065.jpg,label_2
0e03ff1494.jpg,label_2
07f18f0c2f.jpg,label_2
250412d7ce.jpg,label_2
98e85fa4d5.jpg,label_2
bf7e143c4f.jpg,label_2
bab74f5b5f.jpg,label_2
8d67296ebc.jpg,label_2
66d6785458.jpg,label_2
e9f1badc8c.jpg,label_2
5b3700a894.jpg,label_2
386936c040.jpg,label_2
0f6e4039ba.jpg,label_2
3ad184f28f.jpg,label_2
b05dc89f97.jpg,label_2
0b16cc725a.jpg,label_2
5c2c2d25f5.jpg,label_2
44878a6314.jpg,label_2
9741bb1e44.jpg,label_2
caab91f306.jpg,label_2
69d50ed39d.jpg,label_2
a1160c206e.jpg,label_2
be07195038.jpg,label_2
a849f04b34.jpg,label_2
9bd1a96861.jpg,label_2
fa148bd115.jpg,label_2
8da7d2ad40.jpg,label_2
f50f511941.jpg,label_2
0900581479.jpg,label_2
d89d59c7ef.jpg,label_2
b1a022a4a8.jpg,label_2
9d7f5e4855.jpg,label_2
b99bdc1f6f.jpg,label_2
ac69540f73.jpg,label_2
fbaa532b13.jpg,label_2
74a7258097.jpg,label_2
e93ea11b14.jpg,label_2
3b7f7ba6be.jpg,label_2
c9c89eddad.jpg,label_2
9c2ad53e9d.jpg,label_2
a99cfdf792.jpg,label_2
58e2c5db17.jpg,label_2
8e50e8673f.jpg,label_2
d5ad87fd09.jpg,label_2
f2c3cbd9ff.jpg,label_2
0661bd29ce.jpg,label_2
b4bebc583a.jpg,label_2
e36c9f0276.jpg,label_2
93a0ef6c50.jpg,label_2
25a6e8f8c6.jpg,label_2
9c681f5990.jpg,label_2
0bc62acaa6.jpg,label_2
8107b366de.jpg,label_2
8319dc5c6e.jpg,label_2
c3e67a5aaa.jpg,label_2
cf25405e0e.jpg,label_2
30b458ab12.jpg,label_2
a3dd9878f0.jpg,label_2
1fb81ebed5.jpg,label_2
0f8e6a3c9e.jpg,label_2
6d8ac8cc05.jpg,label_2
57fba19bee.jpg,label_2
622737ee93.jpg,label_2
57cfe834c7.jpg,label_2
486bf5fe28.jpg,label_2
bb0ea6a8a6.jpg,label_2
affa77f599.jpg,label_2
8d3c646862.jpg,label_2
3205678edc.jpg,label_2
5f09106acc.jpg,label_2
4ab36cac2c.jpg,label_2
22d1258912.jpg,label_2
85645dadb2.jpg,label_2
a8dbd66545.jpg,label_2
5f448bbdbd.jpg,label_2
82235292e5.jpg,label_2
bc661db6e4.jpg,label_2
2415f500d3.jpg,label_2
b61c706dec.jpg,label_2
8291259cea.jpg,label_2
ae7a08ef4e.jpg,label_2
e19ad17769.jpg,label_2
d5b7195f04.jpg,label_2
0e69b276f8.jpg,label_2
6b274e983e.jpg,label_2
7d111838b9.jpg,label_2
cef73d9cca.jpg,label_2
2b9bd9b197.jpg,label_2
03c01315f3.jpg,label_2
33b4073f09.jpg,label_2
510f670c83.jpg,label_2
be556b2006.jpg,label_2
4d107ddc52.jpg,label_2
0d63b08eb6.jpg,label_2
51a5f3e00d.jpg,label_2
879ecfd92e.jpg,label_2
60ff633a89.jpg,label_2
4763558671.jpg,label_2
757a38c53d.jpg,label_2
3da45e3a05.jpg,label_2
706f8628bb.jpg,label_2
831d16f948.jpg,label_2
0da4b7f7bf.jpg,label_2
3b3310aecc.jpg,label_2
16b856e5e6.jpg,label_2
14b001d361.jpg,label_2
a1f0bdbeb9.jpg,label_2
6fa1d7a1a6.jpg,label_2
d3c34099ef.jpg,label_2
cc9b0b4850.jpg,label_2
20bb1d978b.jpg,label_2
1a0b5321f7.jpg,label_2
19112ee2ec.jpg,label_2
2fe4968a94.jpg,label_2
222a02d062.jpg,label_2
e5bd747b1f.jpg,label_2
762c8b19e6.jpg,label_2
0c337afbc3.jpg,label_2
b4f8812d3f.jpg,label_2
a703309f72.jpg,label_2
35caee35c5.jpg,label_2
14c49bf665.jpg,label_2
dbe967435a.jpg,label_2
9612020650.jpg,label_2
294efba79d.jpg,label_2
861f552386.jpg,label_2
9d93f959a4.jpg,label_2
ee6aa698d6.jpg,label_2
f389fd168c.jpg,label_2
54e995afc3.jpg,label_2
ca73db110c.jpg,label_2
197b5c1670.jpg,label_2
5675b57dca.jpg,label_2
e2105a439d.jpg,label_2
212e71c42a.jpg,label_2
5fef4a56a3.jpg,label_2
88bdaa1a32.jpg,label_2
1c1bb0bfc9.jpg,label_2
fba4924562.jpg,label_2
45b2a0ac7f.jpg,label_2
f53ec81c0a.jpg,label_2
99a1af480f.jpg,label_2
611411ab89.jpg,label_2
0de9b27b2d.jpg,label_2
b1414024e7.jpg,label_2
bec9dfe123.jpg,label_2
57d58eee2a.jpg,label_2
da9b06dde2.jpg,label_2
4435c083cc.jpg,label_2
43372b5cef.jpg,label_2
1aa71aa826.jpg,label_2
3ab1c0073b.jpg,label_2
f94dd4ec33.jpg,label_2
c36cf05121.jpg,label_2
52fd89d32c.jpg,label_2
9d9423a169.jpg,label_2
6cbb111422.jpg,label_2
a4ad62c721.jpg,label_2
de9d1cfcde.jpg,label_2
3d99285a8c.jpg,label_2
48f9714e88.jpg,label_2
1db6986fa1.jpg,label_2
4906f4b0a5.jpg,label_2
b021904678.jpg,label_2
82c6ab3d9f.jpg,label_2
372c4e7b38.jpg,label_2
b3857db71a.jpg,label_2
b8e8729525.jpg,label_2
02253429c1.jpg,label_2
6dbe6ef8ac.jpg,label_2
93b40311c7.jpg,label_2
a00df5c870.jpg,label_2
20dbff9cb4.jpg,label_2
f2e431cc6e.jpg,label_2
747606227a.jpg,label_2
a53aaea799.jpg,label_2
95fca26706.jpg,label_2
99105a2c5d.jpg,label_2
0d89f2a109.jpg,label_2
fded38ac6d.jpg,label_2
647dffdb16.jpg,label_2
2727ffff5a.jpg,label_2
3db8da7b7f.jpg,label_2
9bc7dbc33b.jpg,label_2
4a3ce3f601.jpg,label_2
895be250cd.jpg,label_2
ddb72982ea.jpg,label_2
7212e9b66d.jpg,label_2
f5f50fbd14.jpg,label_2
fec6a80c09.jpg,label_2
37acf7b884.jpg,label_2
8122704f31.jpg,label_2
313f342383.jpg,label_2
b9d91523bf.jpg,label_2
7e4202d1e4.jpg,label_2
119a576dc0.jpg,label_2
e6fa707391.jpg,label_2
829de773d5.jpg,label_2
0d32e69623.jpg,label_2
a00a71c057.jpg,label_2
34d638479a.jpg,label_2
deac3cd949.jpg,label_2
22eae5a295.jpg,label_2
8dccbcfcd8.jpg,label_2
5224859135.jpg,label_2
94f1528659.jpg,label_2
b02dc8b85e.jpg,label_2
8da553ab02.jpg,label_2
74f3c431b6.jpg,label_2
e655db6735.jpg,label_2
b5430d0544.jpg,label_2
322f606db2.jpg,label_2
0a9f4a098a.jpg,label_2
4439d47e7d.jpg,label_2
e0134fd061.jpg,label_2
e6ade3d5f9.jpg,label_2
b5ad8fdeaa.jpg,label_2
acbfb949e3.jpg,label_2
16a75b32ce.jpg,label_2
c49c3deecb.jpg,label_2
6507d49e3c.jpg,label_2
a154178826.jpg,label_2
97c2632c8e.jpg,label_2
3793e5d14b.jpg,label_2
5e32dd177e.jpg,label_2
b2cf6a5b97.jpg,label_2
8385a81a46.jpg,label_2
d759a9cef8.jpg,label_2
79dc6b1890.jpg,label_2
16328edc5d.jpg,label_2
921d8d139c.jpg,label_2
958eb47d00.jpg,label_2
79661bdd2f.jpg,label_2
8142f5f71b.jpg,label_2
ae03d89539.jpg,label_2
e784503d99.jpg,label_2
0c96a375c1.jpg,label_2
9240478d88.jpg,label_2
24f466bb7d.jpg,label_2
71197dab39.jpg,label_2
adf71144c3.jpg,label_2
20d647d891.jpg,label_2
37f2d12a21.jpg,label_2
9d833b80ee.jpg,label_2
5b5d5b9f12.jpg,label_2
e2a5d749e1.jpg,label_2
6a7c467fde.jpg,label_2
0417426dce.jpg,label_2
4d66863c0a.jpg,label_2
8eb57dc4ef.jpg,label_2
cb3960572a.jpg,label_2
e3bce8c15d.jpg,label_2
0d0e8567ca.jpg,label_2
6cb6fb4700.jpg,label_2
3e94660d3e.jpg,label_2
2eb350b4b1.jpg,label_2
7173baa3c3.jpg,label_2
5a32fb4c77.jpg,label_2
1d3245bf6a.jpg,label_2
beeeb7c567.jpg,label_2
30fc7c8527.jpg,label_2
e11cb2491e.jpg,label_2
696388577d.jpg,label_2
03e7219604.jpg,label_2
6541f5e75a.jpg,label_2
71137abb44.jpg,label_2
9be8a9e4d9.jpg,label_2
996237dd3a.jpg,label_2
5484b637f1.jpg,label_2
bc4d6dc338.jpg,label_2
dd0a309a5f.jpg,label_2
d63ab402f6.jpg,label_2
73cf2c707e.jpg,label_2
c3fbd36fe7.jpg,label_2
7a3cb9daa8.jpg,label_2
ba614cc396.jpg,label_2
95e1535f05.jpg,label_2
bcd77f84c6.jpg,label_2
e11ca86d46.jpg,label_2
28db2cd833.jpg,label_2
bb2ca20375.jpg,label_2
9d8f8c0957.jpg,label_2
8a4316b5ec.jpg,label_2
277c32741e.jpg,label_2
8d951c8abb.jpg,label_2
73900a9da9.jpg,label_2
44a5e205ec.jpg,label_2
8f38bcdeb4.jpg,label_2
ef84874865.jpg,label_2
b9eef61c05.jpg,label_2
c485638924.jpg,label_2
c8d5fb1f24.jpg,label_2
42fa67f706.jpg,label_2
d3511ac272.jpg,label_2
82b32e6d57.jpg,label_2
fb95212b49.jpg,label_2
8e9db0957c.jpg,label_2
dd80509aed.jpg,label_2
d34fa0b22b.jpg,label_2
cfa8953bc5.jpg,label_2
c2521f01ed.jpg,label_2
0d1eac8352.jpg,label_2
70facfbe41.jpg,label_2
b7a7526e13.jpg,label_2
8bf5241e18.jpg,label_2
c77a57af77.jpg,label_2
347af0af68.jpg,label_2
4c3d9d8da1.jpg,label_2
7fec7dd7a9.jpg,label_2
bb9fef6bcf.jpg,label_2
2cb0a5dab4.jpg,label_2
f98a686152.jpg,label_2
175e14550e.jpg,label_2
0feb249bf5.jpg,label_2
d7de5a3b27.jpg,label_2
6ae267d578.jpg,label_2
ebda497c20.jpg,label_2
86a9a55bb8.jpg,label_2
e513bd25c5.jpg,label_2
6c0280b34b.jpg,label_2
52acf337d1.jpg,label_2
a8bd129599.jpg,label_2
ebf5596c67.jpg,label_2
682c84c453.jpg,label_2
6ef2a5399d.jpg,label_2
ee8862ce4f.jpg,label_2
2ae9bcd35a.jpg,label_2
b3b5d1b5a3.jpg,label_2
1c74d71a6c.jpg,label_2
814c22231c.jpg,label_2
bce9b6c6e5.jpg,label_2
2d82cdca9c.jpg,label_2
e36067d32b.jpg,label_2
67897544bb.jpg,label_2
ff29046117.jpg,label_2
e7eddc4859.jpg,label_2
c409f975f9.jpg,label_2
fe9a3b42db.jpg,label_2
969abf1c80.jpg,label_2
bff0bd4686.jpg,label_2
938101c730.jpg,label_2
4fd89d7821.jpg,label_2
a379c7ae55.jpg,label_2
fc7136f9b4.jpg,label_2
8e75f1fc1d.jpg,label_2
406b01615e.jpg,label_2
bbd7e87656.jpg,label_2
bf2152afcb.jpg,label_2
92be92b793.jpg,label_2
111ddfa759.jpg,label_2
4cdeadf41c.jpg,label_2
152241839e.jpg,label_2
be5cbb6969.jpg,label_2
31360111aa.jpg,label_2
afa656cc34.jpg,label_2
47aefec631.jpg,label_2
06e460ae62.jpg,label_2
0b6b58929e.jpg,label_2
b52d8d32bd.jpg,label_2
8ec04733cd.jpg,label_2
2161a8cb23.jpg,label_2
c2fa6c4810.jpg,label_2
7be6e51beb.jpg,label_2
3e0adfb989.jpg,label_2
763219a27c.jpg,label_2
4faf0d51d8.jpg,label_2
232a42d35b.jpg,label_2
a6b3985684.jpg,label_2
57c61676b5.jpg,label_2
334799bd52.jpg,label_2
ffe2852ea3.jpg,label_2
f0158f240a.jpg,label_2
389ff89f18.jpg,label_2
6aa6958b0d.jpg,label_2
1f229dade6.jpg,label_2
a276cc23ca.jpg,label_2
109565595c.jpg,label_2
d54582d2d8.jpg,label_2
0e067dad81.jpg,label_2
703b81bca6.jpg,label_2
31c9914ad4.jpg,label_2
9808ffd92a.jpg,label_2
9f3f1f0374.jpg,label_2
791a05667b.jpg,label_2
0b164ecd3b.jpg,label_2
50efa893df.jpg,label_2
73a8b639b4.jpg,label_2
c997933199.jpg,label_2
243814eaab.jpg,label_2
01f60f0dd4.jpg,label_2
2689dcd982.jpg,label_2
6010595f70.jpg,label_2
7b1cbbbd5b.jpg,label_2
615ff1be04.jpg,label_2
417dfc44cd.jpg,label_2
c27373661a.jpg,label_2
0ab66fca59.jpg,label_2
f8ee075c6d.jpg,label_2
8811a5d375.jpg,label_2
5dc35b8474.jpg,label_2
07e6e94021.jpg,label_2
7dfd187dc5.jpg,label_2
17cddf57c7.jpg,label_2
e1525a2e4b.jpg,label_2
d0c198ab9b.jpg,label_2
53796925a5.jpg,label_2
55fadc28cd.jpg,label_2
da512d4223.jpg,label_2
7d61f1d4c0.jpg,label_2
04980fc906.jpg,label_2
872f865fed.jpg,label_2
7d99dbc4fb.jpg,label_2
bf25e200e9.jpg,label_2
06f4ebbdae.jpg,label_2
0ad120a2b4.jpg,label_2
f674c64e54.jpg,label_2
ad0b7711d6.jpg,label_2
2b6a35dbd7.jpg,label_2
b94f58fec7.jpg,label_2
6af33d757d.jpg,label_2
599e2f535a.jpg,label_2
28693f9aac.jpg,label_2
794434d3a5.jpg,label_2
4f165ae67b.jpg,label_2
d33ec13560.jpg,label_2
d98b16c580.jpg,label_2
f3f816b979.jpg,label_2
a4245d3dd2.jpg,label_2
c89dfd3cab.jpg,label_2
38cb19cef8.jpg,label_2
d09eff5209.jpg,label_2
430e1c16b4.jpg,label_2
1c97eeb983.jpg,label_2
a0d4e54b8e.jpg,label_2
017c62abe5.jpg,label_2
708a004dfc.jpg,label_2
7d721c4ea4.jpg,label_2
8e4ec27bb3.jpg,label_2
72b49b87b2.jpg,label_2
4025649cf8.jpg,label_2
342e4b1474.jpg,label_2
71d19f7214.jpg,label_2
9fd17b3752.jpg,label_2
03a5a6b5ba.jpg,label_2
617ad0f5d2.jpg,label_2
ea978b893c.jpg,label_2
914ee3654c.jpg,label_2
6007ea260b.jpg,label_2
af4094a12e.jpg,label_2
f18538b3d4.jpg,label_2
d30428fe4f.jpg,label_2
a67cb14435.jpg,label_2
0d2fc91319.jpg,label_2
fb4134c736.jpg,label_2
292c82fb3b.jpg,label_2
70fcf2cecc.jpg,label_2
eddbc3a48d.jpg,label_2
d23b10d098.jpg,label_2
04f17ae096.jpg,label_2
0d8031f778.jpg,label_2
413ab0692a.jpg,label_2
04a668d7be.jpg,label_2
cff539fcfd.jpg,label_2
